node1	node2	node1_OG	node2_OG	combined_score
A0A0B4J2U6	W4XH13_STRPU	12945	13967	0.502
A0A0B4J2U6	W4Z513_STRPU	12945	14315	0.508
A0A0B4J2U6	W4X9N1_STRPU	12945	13654	0.690
A0A0B4J2U6	W4XB49_STRPU	12945	14203	0.750
A0A0B4J2U6	W4YNU3_STRPU	12945	13967	0.846
A0A0B4J2U6	W4Y1L1_STRPU	12945	12477	0.991
A0A0B4J2U6	RSSA_STRPU	12945	12951	0.992
A0A0B4J2U6	W4YIS1_STRPU	12945	11685	0.992
A0A0B4J2U6	W4XI86_STRPU	12945	13169	0.994
A0A0B4J2U6	W4Z329_STRPU	12945	10698	0.994
A0A0B4J2U6	W4Y0M9_STRPU	12945	10698	0.994
A0A0B4J2U6	W4Y6K2_STRPU	12945	12881	0.994
A0A0B4J2U6	W4XR42_STRPU	12945	14102	0.996
A0A0B4J2U6	W4Y604_STRPU	12945	12893	0.997
A0A0B4J2U6	W4XSR1_STRPU	12945	12893	0.997
A0A0B4J2U6	W4Y4Q2_STRPU	12945	13621	0.998
A0A0B4J2U6	W4ZES5_STRPU	12945	13621	0.998
A0A0B4J2U6	W4YIR2_STRPU	12945	12787	0.999
A0A0B4J2U6	W4XKH8_STRPU	12945	12796	0.999
A0A0B4J2U6	Rps14	12945	12688	0.999
A0A0B4J2U6	W4YAU4_STRPU	12945	12587	0.999
A0A0B4J2U6	W4Z217_STRPU	12945	12120	0.999
A0A0B4J2U6	W4YFC0_STRPU	12945	13096	0.999
A0A0B4J2U6	W4ZIT8_STRPU	12945	12792	0.999
A0A0B4J2U6	W4XQL9_STRPU	12945	12691	0.999
A0A0B4J2U6	W4YY23_STRPU	12945	13839	0.999
A0A0B4J2W5	W4Y6Q0_STRPU	12869	14321	0.540
A0A0B4J2W5	W4XYB3_STRPU	12869	14321	0.540
A0A0B4J2W5	W4XQT8_STRPU	12869	14321	0.581
A0A0B4J2W5	W4Y3Z2_STRPU	12869	11219	0.603
A0A0B4J2W5	W4XV30_STRPU	12869	14315	0.688
BMP2/4	W4ZIF3_STRPU	14212	11420	0.423
BMP2/4	W4YY01_STRPU	14212	14082	0.662
BMP2/4	W4Z4Q3_STRPU	14212	14082	0.675
H3IQ07_STRPU	W4XK59_STRPU	10264	13817	0.400
H3IQ07_STRPU	W4Y077_STRPU	10264	13817	0.400
H3IQ07_STRPU	W4ZJP6_STRPU	10264	10095	0.592
H3IQ07_STRPU	W4YXY8_STRPU	10264	13356	0.626
Oaz1	W4XFS1_STRPU	12609	14298	0.531
Oaz1	W4XI86_STRPU	12609	13169	0.866
Oaz1	W4XIU9_STRPU	12609	12433	0.642
Oaz1	W4XK59_STRPU	12609	13817	0.963
Oaz1	W4YAU4_STRPU	12609	12587	0.434
Oaz1	W4YGS7_STRPU	12609	14298	0.531
Oaz1	W4YY23_STRPU	12609	13839	0.549
Oaz1	W4Z7P9_STRPU	12609	14254	0.569
Oaz1	W4XYB1_STRPU	12609	14254	0.569
Oaz1	W4YFF6_STRPU	12609	14254	0.571
Oaz1	W4YBH3_STRPU	12609	14254	0.585
Oaz1	W4YGT0_STRPU	12609	12302	0.644
Oaz1	W4Y077_STRPU	12609	13817	0.963
Q964G0_STRPU	SFK1	14197	14326	0.533
Q964G0_STRPU	W4Y512_STRPU	14197	14328	0.438
Q964G0_STRPU	W4YFF6_STRPU	14197	14254	0.512
Q964G0_STRPU	W4Z7P9_STRPU	14197	14254	0.515
Q964G0_STRPU	W4XYB1_STRPU	14197	14254	0.515
Q964G0_STRPU	W4YBH3_STRPU	14197	14254	0.516
Q964G0_STRPU	SFK7	14197	14326	0.533
Q964G0_STRPU	Sfk3	14197	14326	0.533
Q964G0_STRPU	SFK5	14197	14326	0.533
Q964G0_STRPU	W4YFD9_STRPU	14197	14326	0.533
RSSA_STRPU	A0A0B4J2U6	12951	12945	0.992
RSSA_STRPU	Rps14	12951	12688	0.997
RSSA_STRPU	W4Y1S6_STRPU	12951	13733	0.411
RSSA_STRPU	W4XH13_STRPU	12951	13967	0.453
RSSA_STRPU	W4XDP5_STRPU	12951	14325	0.544
RSSA_STRPU	W4X9N1_STRPU	12951	13654	0.603
RSSA_STRPU	W4XB49_STRPU	12951	14203	0.750
RSSA_STRPU	W4Y1L1_STRPU	12951	12477	0.834
RSSA_STRPU	W4YNU3_STRPU	12951	13967	0.842
RSSA_STRPU	W4Y0M6_STRPU	12951	11316	0.851
RSSA_STRPU	W4YIS1_STRPU	12951	11685	0.865
RSSA_STRPU	W4Z329_STRPU	12951	10698	0.891
RSSA_STRPU	W4Y0M9_STRPU	12951	10698	0.891
RSSA_STRPU	W4XI86_STRPU	12951	13169	0.930
RSSA_STRPU	W4XR42_STRPU	12951	14102	0.941
RSSA_STRPU	W4Y4Q2_STRPU	12951	13621	0.946
RSSA_STRPU	W4ZES5_STRPU	12951	13621	0.946
RSSA_STRPU	W4ZIT8_STRPU	12951	12792	0.951
RSSA_STRPU	W4Y6K2_STRPU	12951	12881	0.961
RSSA_STRPU	W4Y604_STRPU	12951	12893	0.976
RSSA_STRPU	W4XSR1_STRPU	12951	12893	0.976
RSSA_STRPU	W4XQL9_STRPU	12951	12691	0.989
RSSA_STRPU	W4YFC0_STRPU	12951	13096	0.990
RSSA_STRPU	W4XKH8_STRPU	12951	12796	0.991
RSSA_STRPU	W4YAU4_STRPU	12951	12587	0.993
RSSA_STRPU	W4YIR2_STRPU	12951	12787	0.995
RSSA_STRPU	W4Z217_STRPU	12951	12120	0.996
RSSA_STRPU	W4YY23_STRPU	12951	13839	0.997
Rps14	A0A0B4J2U6	12688	12945	0.999
Rps14	W4YFH1_STRPU	12688	14303	0.413
Rps14	W4Y4Q1_STRPU	12688	14303	0.413
Rps14	W4Y1S6_STRPU	12688	13733	0.553
Rps14	W4Z686_STRPU	12688	12634	0.587
Rps14	W4XB49_STRPU	12688	14203	0.625
Rps14	W4XDP5_STRPU	12688	14325	0.651
Rps14	W4XH13_STRPU	12688	13967	0.704
Rps14	W4X9N1_STRPU	12688	13654	0.727
Rps14	W4Y0M6_STRPU	12688	11316	0.892
Rps14	W4YIS1_STRPU	12688	11685	0.926
Rps14	W4YNU3_STRPU	12688	13967	0.949
Rps14	W4Y0M9_STRPU	12688	10698	0.978
Rps14	W4Z329_STRPU	12688	10698	0.978
Rps14	W4Y1L1_STRPU	12688	12477	0.981
Rps14	W4XI86_STRPU	12688	13169	0.982
Rps14	W4Y3M6_STRPU	12688	11094	0.993
Rps14	W4XR42_STRPU	12688	14102	0.996
Rps14	W4Y6K2_STRPU	12688	12881	0.997
Rps14	RSSA_STRPU	12688	12951	0.997
Rps14	W4Y4Q2_STRPU	12688	13621	0.997
Rps14	W4ZES5_STRPU	12688	13621	0.997
Rps14	W4ZIT8_STRPU	12688	12792	0.997
Rps14	W4XSR1_STRPU	12688	12893	0.999
Rps14	W4Z217_STRPU	12688	12120	0.999
Rps14	W4YAU4_STRPU	12688	12587	0.999
Rps14	W4XKH8_STRPU	12688	12796	0.999
Rps14	W4Y604_STRPU	12688	12893	0.999
Rps14	W4YIR2_STRPU	12688	12787	0.999
Rps14	W4YY23_STRPU	12688	13839	0.999
Rps14	W4XQL9_STRPU	12688	12691	0.999
Rps14	W4YFC0_STRPU	12688	13096	0.999
SFK1	W4XSH3_STRPU	14326	14271	0.402
SFK1	W4Z686_STRPU	14326	12634	0.422
SFK1	W4XQT8_STRPU	14326	14321	0.456
SFK1	W4ZAZ7_STRPU	14326	13863	0.484
SFK1	W4ZAA9_STRPU	14326	14326	0.495
SFK1	W4Y512_STRPU	14326	14328	0.522
SFK1	Q964G0_STRPU	14326	14197	0.533
SFK1	W4Y3Z2_STRPU	14326	11219	0.583
SFK5	Q964G0_STRPU	14326	14197	0.533
SFK5	W4XQT8_STRPU	14326	14321	0.456
SFK5	W4XSH3_STRPU	14326	14271	0.402
SFK5	W4Y3Z2_STRPU	14326	11219	0.583
SFK5	W4Y512_STRPU	14326	14328	0.534
SFK5	W4Z686_STRPU	14326	12634	0.422
SFK5	W4ZAA9_STRPU	14326	14326	0.497
SFK5	W4ZAZ7_STRPU	14326	13863	0.484
SFK7	Q964G0_STRPU	14326	14197	0.533
SFK7	W4XQT8_STRPU	14326	14321	0.456
SFK7	W4XSH3_STRPU	14326	14271	0.402
SFK7	W4Y3Z2_STRPU	14326	11219	0.583
SFK7	W4Y512_STRPU	14326	14328	0.522
SFK7	W4Z686_STRPU	14326	12634	0.422
SFK7	W4ZAZ7_STRPU	14326	13863	0.484
SFK7	W4ZAA9_STRPU	14326	14326	0.492
Sfk3	Q964G0_STRPU	14326	14197	0.533
Sfk3	W4XSH3_STRPU	14326	14271	0.402
Sfk3	W4Z686_STRPU	14326	12634	0.422
Sfk3	W4XQT8_STRPU	14326	14321	0.456
Sfk3	W4ZAZ7_STRPU	14326	13863	0.484
Sfk3	W4ZAA9_STRPU	14326	14326	0.497
Sfk3	W4Y512_STRPU	14326	14328	0.527
Sfk3	W4Y3Z2_STRPU	14326	11219	0.583
W4X9N1_STRPU	A0A0B4J2U6	13654	12945	0.690
W4X9N1_STRPU	Rps14	13654	12688	0.727
W4X9N1_STRPU	RSSA_STRPU	13654	12951	0.603
W4X9N1_STRPU	W4YNU3_STRPU	13654	13967	0.423
W4X9N1_STRPU	W4Y6K2_STRPU	13654	12881	0.446
W4X9N1_STRPU	W4XIU9_STRPU	13654	12433	0.471
W4X9N1_STRPU	W4YY23_STRPU	13654	13839	0.516
W4X9N1_STRPU	W4ZIT8_STRPU	13654	12792	0.562
W4X9N1_STRPU	W4Z329_STRPU	13654	10698	0.575
W4X9N1_STRPU	W4Z217_STRPU	13654	12120	0.575
W4X9N1_STRPU	W4Y0M9_STRPU	13654	10698	0.575
W4X9N1_STRPU	W4XI86_STRPU	13654	13169	0.600
W4X9N1_STRPU	W4XQL9_STRPU	13654	12691	0.620
W4X9N1_STRPU	W4YAU4_STRPU	13654	12587	0.703
W4X9N1_STRPU	W4YIR2_STRPU	13654	12787	0.709
W4X9N1_STRPU	W4Y4Q2_STRPU	13654	13621	0.721
W4X9N1_STRPU	W4ZES5_STRPU	13654	13621	0.721
W4X9N1_STRPU	W4YFC0_STRPU	13654	13096	0.737
W4X9N1_STRPU	W4Y604_STRPU	13654	12893	0.749
W4X9N1_STRPU	W4XSR1_STRPU	13654	12893	0.749
W4X9N1_STRPU	W4XKH8_STRPU	13654	12796	0.811
W4X9P7_STRPU	W4Y858_STRPU	13580	14011	0.421
W4X9P7_STRPU	W4YIJ3_STRPU	13580	14011	0.664
W4X9P7_STRPU	W4Y4J1_STRPU	13580	14272	0.685
W4XAC7_STRPU	W4XVV5_STRPU	10971	13590	0.435
W4XAC7_STRPU	W4XFS1_STRPU	10971	14298	0.448
W4XAC7_STRPU	W4YGS7_STRPU	10971	14298	0.448
W4XAC7_STRPU	W4XBL1_STRPU	10971	11424	0.581
W4XAC7_STRPU	W4YGT0_STRPU	10971	12302	0.645
W4XAC7_STRPU	W4XIU9_STRPU	10971	12433	0.752
W4XAC7_STRPU	W4YFF6_STRPU	10971	14254	0.933
W4XAC7_STRPU	W4Z7P9_STRPU	10971	14254	0.964
W4XAC7_STRPU	W4XYB1_STRPU	10971	14254	0.964
W4XAC7_STRPU	W4YBH3_STRPU	10971	14254	0.982
W4XAK1_STRPU	W4YQG0_STRPU	10864	11871	0.539
W4XB49_STRPU	A0A0B4J2U6	14203	12945	0.750
W4XB49_STRPU	Rps14	14203	12688	0.625
W4XB49_STRPU	RSSA_STRPU	14203	12951	0.750
W4XB49_STRPU	W4Y0M9_STRPU	14203	10698	0.503
W4XB49_STRPU	W4Z329_STRPU	14203	10698	0.503
W4XB49_STRPU	W4Y4Q2_STRPU	14203	13621	0.641
W4XB49_STRPU	W4ZES5_STRPU	14203	13621	0.641
W4XB49_STRPU	W4ZIT8_STRPU	14203	12792	0.642
W4XB49_STRPU	W4YFC0_STRPU	14203	13096	0.644
W4XB49_STRPU	W4YY23_STRPU	14203	13839	0.668
W4XB49_STRPU	W4Z217_STRPU	14203	12120	0.686
W4XB49_STRPU	W4Y604_STRPU	14203	12893	0.698
W4XB49_STRPU	W4XSR1_STRPU	14203	12893	0.698
W4XB49_STRPU	W4Y1L1_STRPU	14203	12477	0.714
W4XB49_STRPU	W4XR42_STRPU	14203	14102	0.749
W4XB49_STRPU	W4Y6K2_STRPU	14203	12881	0.759
W4XB49_STRPU	W4XI86_STRPU	14203	13169	0.760
W4XB49_STRPU	W4XQL9_STRPU	14203	12691	0.766
W4XB49_STRPU	W4XKH8_STRPU	14203	12796	0.787
W4XB49_STRPU	W4YAU4_STRPU	14203	12587	0.810
W4XB49_STRPU	W4YIR2_STRPU	14203	12787	0.915
W4XB49_STRPU	W4Z513_STRPU	14203	14315	0.956
W4XBL1_STRPU	W4XAC7_STRPU	11424	10971	0.581
W4XBL1_STRPU	W4Y077_STRPU	11424	13817	0.580
W4XBL1_STRPU	W4XK59_STRPU	11424	13817	0.580
W4XBL1_STRPU	W4XPC0_STRPU	11424	14294	0.587
W4XBL1_STRPU	W4XZL9_STRPU	11424	11003	0.591
W4XBL1_STRPU	W4YFF6_STRPU	11424	14254	0.956
W4XBL1_STRPU	W4YBH3_STRPU	11424	14254	0.989
W4XBL1_STRPU	W4Z7P9_STRPU	11424	14254	0.989
W4XBL1_STRPU	W4XYB1_STRPU	11424	14254	0.989
W4XBL1_STRPU	W4YGS7_STRPU	11424	14298	0.991
W4XBL1_STRPU	W4XFS1_STRPU	11424	14298	0.991
W4XBL1_STRPU	W4YGT0_STRPU	11424	12302	0.999
W4XBL1_STRPU	W4XIU9_STRPU	11424	12433	0.999
W4XD65_STRPU	W4Y1S6_STRPU	12554	13733	0.606
W4XDP5_STRPU	Rps14	14325	12688	0.651
W4XDP5_STRPU	RSSA_STRPU	14325	12951	0.544
W4XDP5_STRPU	W4Y6K2_STRPU	14325	12881	0.546
W4XDP5_STRPU	W4XSR1_STRPU	14325	12893	0.583
W4XDP5_STRPU	W4Y604_STRPU	14325	12893	0.583
W4XDP5_STRPU	W4YY23_STRPU	14325	13839	0.651
W4XDP5_STRPU	W4Z217_STRPU	14325	12120	0.652
W4XFS1_STRPU	W4XAC7_STRPU	14298	10971	0.448
W4XFS1_STRPU	W4XBL1_STRPU	14298	11424	0.991
W4XFS1_STRPU	W4Y077_STRPU	14298	13817	0.527
W4XFS1_STRPU	W4XK59_STRPU	14298	13817	0.527
W4XFS1_STRPU	W4XPC0_STRPU	14298	14294	0.527
W4XFS1_STRPU	Oaz1	14298	12609	0.531
W4XFS1_STRPU	W4XVV5_STRPU	14298	13590	0.610
W4XFS1_STRPU	W4XZL9_STRPU	14298	11003	0.707
W4XFS1_STRPU	W4YFF6_STRPU	14298	14254	0.923
W4XFS1_STRPU	W4Z7P9_STRPU	14298	14254	0.947
W4XFS1_STRPU	W4XYB1_STRPU	14298	14254	0.947
W4XFS1_STRPU	W4YBH3_STRPU	14298	14254	0.966
W4XFS1_STRPU	W4YGT0_STRPU	14298	12302	0.991
W4XFS1_STRPU	W4XIU9_STRPU	14298	12433	0.994
W4XH13_STRPU	A0A0B4J2U6	13967	12945	0.502
W4XH13_STRPU	Rps14	13967	12688	0.704
W4XH13_STRPU	RSSA_STRPU	13967	12951	0.453
W4XH13_STRPU	W4XI86_STRPU	13967	13169	0.533
W4XH13_STRPU	W4ZES5_STRPU	13967	13621	0.595
W4XH13_STRPU	W4Y4Q2_STRPU	13967	13621	0.595
W4XH13_STRPU	W4YFC0_STRPU	13967	13096	0.620
W4XH13_STRPU	W4Y0M9_STRPU	13967	10698	0.629
W4XH13_STRPU	W4Z217_STRPU	13967	12120	0.629
W4XH13_STRPU	W4Z329_STRPU	13967	10698	0.629
W4XH13_STRPU	W4YAU4_STRPU	13967	12587	0.644
W4XH13_STRPU	W4YIR2_STRPU	13967	12787	0.690
W4XH13_STRPU	W4Y604_STRPU	13967	12893	0.731
W4XH13_STRPU	W4XSR1_STRPU	13967	12893	0.731
W4XH13_STRPU	W4XKH8_STRPU	13967	12796	0.733
W4XH13_STRPU	W4XQL9_STRPU	13967	12691	0.761
W4XH13_STRPU	W4YNU3_STRPU	13967	13967	0.986
W4XHU6_STRPU	W4YIJ3_STRPU	14323	14011	0.671
W4XI86_STRPU	A0A0B4J2U6	13169	12945	0.994
W4XI86_STRPU	Rps14	13169	12688	0.982
W4XI86_STRPU	RSSA_STRPU	13169	12951	0.930
W4XI86_STRPU	W4X9N1_STRPU	13169	13654	0.600
W4XI86_STRPU	W4XB49_STRPU	13169	14203	0.760
W4XI86_STRPU	W4XH13_STRPU	13169	13967	0.533
W4XI86_STRPU	W4YXY8_STRPU	13169	13356	0.435
W4XI86_STRPU	W4XTV1_STRPU	13169	13445	0.456
W4XI86_STRPU	W4XK59_STRPU	13169	13817	0.506
W4XI86_STRPU	W4Y077_STRPU	13169	13817	0.506
W4XI86_STRPU	W4YIS1_STRPU	13169	11685	0.777
W4XI86_STRPU	W4YY23_STRPU	13169	13839	0.825
W4XI86_STRPU	W4Z513_STRPU	13169	14315	0.842
W4XI86_STRPU	Oaz1	13169	12609	0.866
W4XI86_STRPU	W4Y4Q2_STRPU	13169	13621	0.908
W4XI86_STRPU	W4ZES5_STRPU	13169	13621	0.908
W4XI86_STRPU	W4Y6K2_STRPU	13169	12881	0.931
W4XI86_STRPU	W4Z329_STRPU	13169	10698	0.944
W4XI86_STRPU	W4Y0M9_STRPU	13169	10698	0.944
W4XI86_STRPU	W4Y1L1_STRPU	13169	12477	0.951
W4XI86_STRPU	W4ZIT8_STRPU	13169	12792	0.951
W4XI86_STRPU	W4XR42_STRPU	13169	14102	0.953
W4XI86_STRPU	W4Y604_STRPU	13169	12893	0.981
W4XI86_STRPU	W4XSR1_STRPU	13169	12893	0.981
W4XI86_STRPU	W4YFC0_STRPU	13169	13096	0.981
W4XI86_STRPU	W4YIR2_STRPU	13169	12787	0.982
W4XI86_STRPU	W4XQL9_STRPU	13169	12691	0.984
W4XI86_STRPU	W4YAU4_STRPU	13169	12587	0.986
W4XI86_STRPU	W4Z217_STRPU	13169	12120	0.986
W4XI86_STRPU	W4XKH8_STRPU	13169	12796	0.992
W4XIU9_STRPU	W4X9N1_STRPU	12433	13654	0.471
W4XIU9_STRPU	W4XAC7_STRPU	12433	10971	0.752
W4XIU9_STRPU	W4XBL1_STRPU	12433	11424	0.999
W4XIU9_STRPU	W4XFS1_STRPU	12433	14298	0.994
W4XIU9_STRPU	W4YRR7_STRPU	12433	11802	0.420
W4XIU9_STRPU	W4XK59_STRPU	12433	13817	0.555
W4XIU9_STRPU	W4Y077_STRPU	12433	13817	0.555
W4XIU9_STRPU	Oaz1	12433	12609	0.642
W4XIU9_STRPU	W4XPC0_STRPU	12433	14294	0.643
W4XIU9_STRPU	W4XZL9_STRPU	12433	11003	0.670
W4XIU9_STRPU	W4XVV5_STRPU	12433	13590	0.742
W4XIU9_STRPU	W4YFF6_STRPU	12433	14254	0.970
W4XIU9_STRPU	W4Z7P9_STRPU	12433	14254	0.992
W4XIU9_STRPU	W4YBH3_STRPU	12433	14254	0.992
W4XIU9_STRPU	W4XYB1_STRPU	12433	14254	0.992
W4XIU9_STRPU	W4YGS7_STRPU	12433	14298	0.994
W4XIU9_STRPU	W4YGT0_STRPU	12433	12302	0.999
W4XK59_STRPU	H3IQ07_STRPU	13817	10264	0.400
W4XK59_STRPU	W4XBL1_STRPU	13817	11424	0.580
W4XK59_STRPU	W4XFS1_STRPU	13817	14298	0.527
W4XK59_STRPU	W4XI86_STRPU	13817	13169	0.506
W4XK59_STRPU	W4XIU9_STRPU	13817	12433	0.555
W4XK59_STRPU	W4ZEW5_STRPU	13817	10264	0.400
W4XK59_STRPU	W4YQM9_STRPU	13817	12447	0.442
W4XK59_STRPU	W4YFF6_STRPU	13817	14254	0.497
W4XK59_STRPU	W4XYB1_STRPU	13817	14254	0.503
W4XK59_STRPU	W4Z7P9_STRPU	13817	14254	0.503
W4XK59_STRPU	W4YBH3_STRPU	13817	14254	0.504
W4XK59_STRPU	W4YGS7_STRPU	13817	14298	0.527
W4XK59_STRPU	W4YGT0_STRPU	13817	12302	0.566
W4XK59_STRPU	W4YXY8_STRPU	13817	13356	0.664
W4XK59_STRPU	Oaz1	13817	12609	0.963
W4XKH8_STRPU	A0A0B4J2U6	12796	12945	0.999
W4XKH8_STRPU	Rps14	12796	12688	0.999
W4XKH8_STRPU	RSSA_STRPU	12796	12951	0.991
W4XKH8_STRPU	W4X9N1_STRPU	12796	13654	0.811
W4XKH8_STRPU	W4XB49_STRPU	12796	14203	0.787
W4XKH8_STRPU	W4XH13_STRPU	12796	13967	0.733
W4XKH8_STRPU	W4XI86_STRPU	12796	13169	0.992
W4XKH8_STRPU	W4ZCA0_STRPU	12796	12298	0.492
W4XKH8_STRPU	W4YXY8_STRPU	12796	13356	0.570
W4XKH8_STRPU	W4Y0M6_STRPU	12796	11316	0.684
W4XKH8_STRPU	W4YAA7_STRPU	12796	14326	0.828
W4XKH8_STRPU	W4YNU3_STRPU	12796	13967	0.947
W4XKH8_STRPU	W4Z329_STRPU	12796	10698	0.955
W4XKH8_STRPU	W4Y0M9_STRPU	12796	10698	0.955
W4XKH8_STRPU	W4YIS1_STRPU	12796	11685	0.990
W4XKH8_STRPU	W4Y6K2_STRPU	12796	12881	0.991
W4XKH8_STRPU	W4Y1L1_STRPU	12796	12477	0.993
W4XKH8_STRPU	W4XR42_STRPU	12796	14102	0.995
W4XKH8_STRPU	W4XSR1_STRPU	12796	12893	0.997
W4XKH8_STRPU	W4Y604_STRPU	12796	12893	0.997
W4XKH8_STRPU	W4ZIT8_STRPU	12796	12792	0.997
W4XKH8_STRPU	W4Y4Q2_STRPU	12796	13621	0.998
W4XKH8_STRPU	W4ZES5_STRPU	12796	13621	0.998
W4XKH8_STRPU	W4YAU4_STRPU	12796	12587	0.999
W4XKH8_STRPU	W4Z217_STRPU	12796	12120	0.999
W4XKH8_STRPU	W4YIR2_STRPU	12796	12787	0.999
W4XKH8_STRPU	W4YY23_STRPU	12796	13839	0.999
W4XKH8_STRPU	W4XQL9_STRPU	12796	12691	0.999
W4XKH8_STRPU	W4YFC0_STRPU	12796	13096	0.999
W4XLW7_STRPU	W4ZDZ4_STRPU	13972	14274	0.419
W4XNE5_STRPU	W4Y7P8_STRPU	14215	14215	0.686
W4XPC0_STRPU	W4XBL1_STRPU	14294	11424	0.587
W4XPC0_STRPU	W4XFS1_STRPU	14294	14298	0.527
W4XPC0_STRPU	W4XIU9_STRPU	14294	12433	0.643
W4XPC0_STRPU	W4YFF6_STRPU	14294	14254	0.453
W4XPC0_STRPU	W4YGS7_STRPU	14294	14298	0.527
W4XPC0_STRPU	W4YBH3_STRPU	14294	14254	0.539
W4XPC0_STRPU	W4Z7P9_STRPU	14294	14254	0.540
W4XPC0_STRPU	W4XYB1_STRPU	14294	14254	0.540
W4XPC0_STRPU	W4XZL9_STRPU	14294	11003	0.587
W4XPC0_STRPU	W4YGT0_STRPU	14294	12302	0.618
W4XPC0_STRPU	W4Y7P6_STRPU	14294	12158	0.620
W4XPC0_STRPU	W4XVV5_STRPU	14294	13590	0.656
W4XQL9_STRPU	A0A0B4J2U6	12691	12945	0.999
W4XQL9_STRPU	Rps14	12691	12688	0.999
W4XQL9_STRPU	RSSA_STRPU	12691	12951	0.989
W4XQL9_STRPU	W4X9N1_STRPU	12691	13654	0.620
W4XQL9_STRPU	W4XB49_STRPU	12691	14203	0.766
W4XQL9_STRPU	W4XH13_STRPU	12691	13967	0.761
W4XQL9_STRPU	W4XI86_STRPU	12691	13169	0.984
W4XQL9_STRPU	W4XKH8_STRPU	12691	12796	0.999
W4XQL9_STRPU	W4YNU3_STRPU	12691	13967	0.685
W4XQL9_STRPU	W4YIS1_STRPU	12691	11685	0.828
W4XQL9_STRPU	W4Y0M9_STRPU	12691	10698	0.841
W4XQL9_STRPU	W4Z329_STRPU	12691	10698	0.841
W4XQL9_STRPU	W4Y1L1_STRPU	12691	12477	0.977
W4XQL9_STRPU	W4Y6K2_STRPU	12691	12881	0.990
W4XQL9_STRPU	W4XR42_STRPU	12691	14102	0.994
W4XQL9_STRPU	W4Y604_STRPU	12691	12893	0.997
W4XQL9_STRPU	W4XSR1_STRPU	12691	12893	0.997
W4XQL9_STRPU	W4ZIT8_STRPU	12691	12792	0.998
W4XQL9_STRPU	W4YIR2_STRPU	12691	12787	0.999
W4XQL9_STRPU	W4Y4Q2_STRPU	12691	13621	0.999
W4XQL9_STRPU	W4Z217_STRPU	12691	12120	0.999
W4XQL9_STRPU	W4YAU4_STRPU	12691	12587	0.999
W4XQL9_STRPU	W4YFC0_STRPU	12691	13096	0.999
W4XQL9_STRPU	W4ZES5_STRPU	12691	13621	0.999
W4XQL9_STRPU	W4YY23_STRPU	12691	13839	0.999
W4XQT8_STRPU	A0A0B4J2W5	14321	12869	0.581
W4XQT8_STRPU	SFK1	14321	14326	0.456
W4XQT8_STRPU	Sfk3	14321	14326	0.456
W4XQT8_STRPU	W4XXL7_STRPU	14321	14328	0.422
W4XQT8_STRPU	W4YFD9_STRPU	14321	14326	0.456
W4XQT8_STRPU	SFK7	14321	14326	0.456
W4XQT8_STRPU	SFK5	14321	14326	0.456
W4XQT8_STRPU	W4Y3Z2_STRPU	14321	11219	0.575
W4XR42_STRPU	A0A0B4J2U6	14102	12945	0.996
W4XR42_STRPU	Rps14	14102	12688	0.996
W4XR42_STRPU	RSSA_STRPU	14102	12951	0.941
W4XR42_STRPU	W4XB49_STRPU	14102	14203	0.749
W4XR42_STRPU	W4XI86_STRPU	14102	13169	0.953
W4XR42_STRPU	W4XKH8_STRPU	14102	12796	0.995
W4XR42_STRPU	W4XQL9_STRPU	14102	12691	0.994
W4XR42_STRPU	W4Z2I5_STRPU	14102	10711	0.442
W4XR42_STRPU	W4YPU9_STRPU	14102	12613	0.570
W4XR42_STRPU	W4Y0M9_STRPU	14102	10698	0.825
W4XR42_STRPU	W4Z329_STRPU	14102	10698	0.825
W4XR42_STRPU	W4Y0M6_STRPU	14102	11316	0.859
W4XR42_STRPU	W4YIS1_STRPU	14102	11685	0.931
W4XR42_STRPU	W4Y6K2_STRPU	14102	12881	0.939
W4XR42_STRPU	W4YNU3_STRPU	14102	13967	0.952
W4XR42_STRPU	W4Y1L1_STRPU	14102	12477	0.957
W4XR42_STRPU	W4XSR1_STRPU	14102	12893	0.968
W4XR42_STRPU	W4Y604_STRPU	14102	12893	0.968
W4XR42_STRPU	W4Y4Q2_STRPU	14102	13621	0.968
W4XR42_STRPU	W4ZES5_STRPU	14102	13621	0.968
W4XR42_STRPU	W4ZIT8_STRPU	14102	12792	0.968
W4XR42_STRPU	W4Z217_STRPU	14102	12120	0.995
W4XR42_STRPU	W4YAU4_STRPU	14102	12587	0.995
W4XR42_STRPU	W4YIR2_STRPU	14102	12787	0.995
W4XR42_STRPU	W4YFC0_STRPU	14102	13096	0.995
W4XR42_STRPU	W4YY23_STRPU	14102	13839	0.996
W4XSH3_STRPU	SFK1	14271	14326	0.402
W4XSH3_STRPU	Sfk3	14271	14326	0.402
W4XSH3_STRPU	W4YFD9_STRPU	14271	14326	0.402
W4XSH3_STRPU	SFK5	14271	14326	0.402
W4XSH3_STRPU	SFK7	14271	14326	0.402
W4XSH3_STRPU	W4YZZ5_STRPU	14271	14271	0.485
W4XSR1_STRPU	A0A0B4J2U6	12893	12945	0.997
W4XSR1_STRPU	Rps14	12893	12688	0.999
W4XSR1_STRPU	RSSA_STRPU	12893	12951	0.976
W4XSR1_STRPU	W4X9N1_STRPU	12893	13654	0.749
W4XSR1_STRPU	W4XB49_STRPU	12893	14203	0.698
W4XSR1_STRPU	W4XDP5_STRPU	12893	14325	0.583
W4XSR1_STRPU	W4XH13_STRPU	12893	13967	0.731
W4XSR1_STRPU	W4XI86_STRPU	12893	13169	0.981
W4XSR1_STRPU	W4XKH8_STRPU	12893	12796	0.997
W4XSR1_STRPU	W4XQL9_STRPU	12893	12691	0.997
W4XSR1_STRPU	W4XR42_STRPU	12893	14102	0.968
W4XSR1_STRPU	W4Z513_STRPU	12893	14315	0.587
W4XSR1_STRPU	W4Y0M6_STRPU	12893	11316	0.832
W4XSR1_STRPU	W4Y3M6_STRPU	12893	11094	0.909
W4XSR1_STRPU	W4YNU3_STRPU	12893	13967	0.909
W4XSR1_STRPU	W4YIS1_STRPU	12893	11685	0.926
W4XSR1_STRPU	W4Y1L1_STRPU	12893	12477	0.935
W4XSR1_STRPU	W4ZIT8_STRPU	12893	12792	0.976
W4XSR1_STRPU	W4Y6K2_STRPU	12893	12881	0.977
W4XSR1_STRPU	W4Z329_STRPU	12893	10698	0.979
W4XSR1_STRPU	W4Y0M9_STRPU	12893	10698	0.979
W4XSR1_STRPU	W4ZES5_STRPU	12893	13621	0.984
W4XSR1_STRPU	W4Y4Q2_STRPU	12893	13621	0.984
W4XSR1_STRPU	W4YFC0_STRPU	12893	13096	0.997
W4XSR1_STRPU	W4YAU4_STRPU	12893	12587	0.998
W4XSR1_STRPU	W4YIR2_STRPU	12893	12787	0.998
W4XSR1_STRPU	W4YY23_STRPU	12893	13839	0.999
W4XSR1_STRPU	W4Z217_STRPU	12893	12120	0.999
W4XSS7_STRPU	W4Y512_STRPU	14328	14328	0.776
W4XTV1_STRPU	W4XI86_STRPU	13445	13169	0.456
W4XTV1_STRPU	W4YXY8_STRPU	13445	13356	0.562
W4XU01_STRPU	W4ZDV8_STRPU	13174	13661	0.435
W4XU01_STRPU	W4YP40_STRPU	13174	13731	0.658
W4XV30_STRPU	A0A0B4J2W5	14315	12869	0.688
W4XV30_STRPU	W4YNX5_STRPU	14315	11887	0.404
W4XV30_STRPU	W4Y4J1_STRPU	14315	14272	0.491
W4XV30_STRPU	W4YW63_STRPU	14315	12858	0.491
W4XVV5_STRPU	W4XAC7_STRPU	13590	10971	0.435
W4XVV5_STRPU	W4XFS1_STRPU	13590	14298	0.610
W4XVV5_STRPU	W4XIU9_STRPU	13590	12433	0.742
W4XVV5_STRPU	W4XPC0_STRPU	13590	14294	0.656
W4XVV5_STRPU	W4YGS7_STRPU	13590	14298	0.610
W4XVV5_STRPU	W4YFF6_STRPU	13590	14254	0.613
W4XVV5_STRPU	W4YJV7_STRPU	13590	14311	0.627
W4XVV5_STRPU	W4XYB1_STRPU	13590	14254	0.633
W4XVV5_STRPU	W4Z7P9_STRPU	13590	14254	0.633
W4XVV5_STRPU	W4YBH3_STRPU	13590	14254	0.652
W4XVV5_STRPU	W4YGT0_STRPU	13590	12302	0.667
W4XVV5_STRPU	W4ZCA0_STRPU	13590	12298	0.779
W4XVV5_STRPU	W4ZES5_STRPU	13590	13621	0.816
W4XVV5_STRPU	W4Y4Q2_STRPU	13590	13621	0.816
W4XVV5_STRPU	W4Y7P6_STRPU	13590	12158	0.857
W4XVV5_STRPU	W4Y7J7_STRPU	13590	12888	0.961
W4XXL7_STRPU	W4XQT8_STRPU	14328	14321	0.422
W4XXL7_STRPU	W4Y3Z2_STRPU	14328	11219	0.555
W4XXL7_STRPU	W4YIE2_STRPU	14328	13626	0.836
W4XYB1_STRPU	Q964G0_STRPU	14254	14197	0.515
W4XYB1_STRPU	W4XAC7_STRPU	14254	10971	0.964
W4XYB1_STRPU	W4XBL1_STRPU	14254	11424	0.989
W4XYB1_STRPU	W4XFS1_STRPU	14254	14298	0.947
W4XYB1_STRPU	W4XIU9_STRPU	14254	12433	0.992
W4XYB1_STRPU	W4XK59_STRPU	14254	13817	0.503
W4XYB1_STRPU	W4XPC0_STRPU	14254	14294	0.540
W4XYB1_STRPU	Oaz1	14254	12609	0.569
W4XYB1_STRPU	W4XVV5_STRPU	14254	13590	0.633
W4XYB1_STRPU	W4Y077_STRPU	14254	13817	0.503
W4XYB1_STRPU	W4XZL9_STRPU	14254	11003	0.797
W4XYB1_STRPU	W4YGS7_STRPU	14254	14298	0.947
W4XYB1_STRPU	W4YFF6_STRPU	14254	14254	0.969
W4XYB1_STRPU	W4YBH3_STRPU	14254	14254	0.985
W4XYB1_STRPU	W4YGT0_STRPU	14254	12302	0.989
W4XYB3_STRPU	A0A0B4J2W5	14321	12869	0.540
W4XZL9_STRPU	W4XBL1_STRPU	11003	11424	0.591
W4XZL9_STRPU	W4XFS1_STRPU	11003	14298	0.707
W4XZL9_STRPU	W4XIU9_STRPU	11003	12433	0.670
W4XZL9_STRPU	W4XPC0_STRPU	11003	14294	0.587
W4XZL9_STRPU	W4XYB1_STRPU	11003	14254	0.797
W4XZL9_STRPU	W4YFF6_STRPU	11003	14254	0.419
W4XZL9_STRPU	W4YBH3_STRPU	11003	14254	0.625
W4XZL9_STRPU	W4YGS7_STRPU	11003	14298	0.707
W4XZL9_STRPU	W4Z7P9_STRPU	11003	14254	0.797
W4Y077_STRPU	H3IQ07_STRPU	13817	10264	0.400
W4Y077_STRPU	W4XBL1_STRPU	13817	11424	0.580
W4Y077_STRPU	W4XFS1_STRPU	13817	14298	0.527
W4Y077_STRPU	W4XI86_STRPU	13817	13169	0.506
W4Y077_STRPU	W4XIU9_STRPU	13817	12433	0.555
W4Y077_STRPU	Oaz1	13817	12609	0.963
W4Y077_STRPU	W4XYB1_STRPU	13817	14254	0.503
W4Y077_STRPU	W4ZEW5_STRPU	13817	10264	0.400
W4Y077_STRPU	W4YQM9_STRPU	13817	12447	0.442
W4Y077_STRPU	W4YFF6_STRPU	13817	14254	0.497
W4Y077_STRPU	W4Z7P9_STRPU	13817	14254	0.503
W4Y077_STRPU	W4YBH3_STRPU	13817	14254	0.504
W4Y077_STRPU	W4YGS7_STRPU	13817	14298	0.527
W4Y077_STRPU	W4YGT0_STRPU	13817	12302	0.566
W4Y077_STRPU	W4YXY8_STRPU	13817	13356	0.664
W4Y0M6_STRPU	Rps14	11316	12688	0.892
W4Y0M6_STRPU	RSSA_STRPU	11316	12951	0.851
W4Y0M6_STRPU	W4XKH8_STRPU	11316	12796	0.684
W4Y0M6_STRPU	W4XR42_STRPU	11316	14102	0.859
W4Y0M6_STRPU	W4XSR1_STRPU	11316	12893	0.832
W4Y0M6_STRPU	W4Z329_STRPU	11316	10698	0.719
W4Y0M6_STRPU	W4Y0M9_STRPU	11316	10698	0.719
W4Y0M6_STRPU	W4YIR2_STRPU	11316	12787	0.812
W4Y0M6_STRPU	W4Y604_STRPU	11316	12893	0.832
W4Y0M6_STRPU	W4Y6K2_STRPU	11316	12881	0.855
W4Y0M6_STRPU	W4YNU3_STRPU	11316	13967	0.897
W4Y0M6_STRPU	W4Z217_STRPU	11316	12120	0.913
W4Y0M6_STRPU	W4YY23_STRPU	11316	13839	0.926
W4Y0M9_STRPU	A0A0B4J2U6	10698	12945	0.994
W4Y0M9_STRPU	Rps14	10698	12688	0.978
W4Y0M9_STRPU	RSSA_STRPU	10698	12951	0.891
W4Y0M9_STRPU	W4X9N1_STRPU	10698	13654	0.575
W4Y0M9_STRPU	W4XB49_STRPU	10698	14203	0.503
W4Y0M9_STRPU	W4XH13_STRPU	10698	13967	0.629
W4Y0M9_STRPU	W4XI86_STRPU	10698	13169	0.944
W4Y0M9_STRPU	W4XKH8_STRPU	10698	12796	0.955
W4Y0M9_STRPU	W4XQL9_STRPU	10698	12691	0.841
W4Y0M9_STRPU	W4XR42_STRPU	10698	14102	0.825
W4Y0M9_STRPU	W4XSR1_STRPU	10698	12893	0.979
W4Y0M9_STRPU	W4Y0M6_STRPU	10698	11316	0.719
W4Y0M9_STRPU	W4Y1S6_STRPU	10698	13733	0.599
W4Y0M9_STRPU	W4YIS1_STRPU	10698	11685	0.605
W4Y0M9_STRPU	W4Y1L1_STRPU	10698	12477	0.719
W4Y0M9_STRPU	W4YY23_STRPU	10698	13839	0.829
W4Y0M9_STRPU	W4YNU3_STRPU	10698	13967	0.835
W4Y0M9_STRPU	W4Y3M6_STRPU	10698	11094	0.912
W4Y0M9_STRPU	W4Y4Q2_STRPU	10698	13621	0.917
W4Y0M9_STRPU	W4ZES5_STRPU	10698	13621	0.917
W4Y0M9_STRPU	W4YFC0_STRPU	10698	13096	0.922
W4Y0M9_STRPU	W4ZIT8_STRPU	10698	12792	0.955
W4Y0M9_STRPU	W4YIR2_STRPU	10698	12787	0.959
W4Y0M9_STRPU	W4Y6K2_STRPU	10698	12881	0.961
W4Y0M9_STRPU	W4Y604_STRPU	10698	12893	0.979
W4Y0M9_STRPU	W4YAU4_STRPU	10698	12587	0.989
W4Y1L1_STRPU	A0A0B4J2U6	12477	12945	0.991
W4Y1L1_STRPU	Rps14	12477	12688	0.981
W4Y1L1_STRPU	RSSA_STRPU	12477	12951	0.834
W4Y1L1_STRPU	W4XB49_STRPU	12477	14203	0.714
W4Y1L1_STRPU	W4XI86_STRPU	12477	13169	0.951
W4Y1L1_STRPU	W4XKH8_STRPU	12477	12796	0.993
W4Y1L1_STRPU	W4XQL9_STRPU	12477	12691	0.977
W4Y1L1_STRPU	W4XR42_STRPU	12477	14102	0.957
W4Y1L1_STRPU	W4XSR1_STRPU	12477	12893	0.935
W4Y1L1_STRPU	W4Y0M9_STRPU	12477	10698	0.719
W4Y1L1_STRPU	W4Z329_STRPU	12477	10698	0.719
W4Y1L1_STRPU	W4Y4Q2_STRPU	12477	13621	0.881
W4Y1L1_STRPU	W4ZES5_STRPU	12477	13621	0.881
W4Y1L1_STRPU	W4Y6K2_STRPU	12477	12881	0.922
W4Y1L1_STRPU	W4YIS1_STRPU	12477	11685	0.926
W4Y1L1_STRPU	W4ZIT8_STRPU	12477	12792	0.929
W4Y1L1_STRPU	W4Y604_STRPU	12477	12893	0.935
W4Y1L1_STRPU	W4YIR2_STRPU	12477	12787	0.944
W4Y1L1_STRPU	W4YFC0_STRPU	12477	13096	0.964
W4Y1L1_STRPU	W4YAU4_STRPU	12477	12587	0.975
W4Y1L1_STRPU	W4YY23_STRPU	12477	13839	0.987
W4Y1L1_STRPU	W4Z217_STRPU	12477	12120	0.992
W4Y1S6_STRPU	Rps14	13733	12688	0.553
W4Y1S6_STRPU	RSSA_STRPU	13733	12951	0.411
W4Y1S6_STRPU	W4XD65_STRPU	13733	12554	0.606
W4Y1S6_STRPU	W4Y0M9_STRPU	13733	10698	0.599
W4Y1S6_STRPU	W4YFC0_STRPU	13733	13096	0.437
W4Y1S6_STRPU	W4Z217_STRPU	13733	12120	0.451
W4Y1S6_STRPU	W4Y4Q2_STRPU	13733	13621	0.477
W4Y1S6_STRPU	W4ZES5_STRPU	13733	13621	0.477
W4Y1S6_STRPU	W4YIR2_STRPU	13733	12787	0.481
W4Y1S6_STRPU	W4Z329_STRPU	13733	10698	0.599
W4Y3M6_STRPU	Rps14	11094	12688	0.993
W4Y3M6_STRPU	W4XSR1_STRPU	11094	12893	0.909
W4Y3M6_STRPU	W4Y0M9_STRPU	11094	10698	0.912
W4Y3M6_STRPU	W4Y4Q1_STRPU	11094	14303	0.425
W4Y3M6_STRPU	W4YFH1_STRPU	11094	14303	0.749
W4Y3M6_STRPU	W4YIR2_STRPU	11094	12787	0.878
W4Y3M6_STRPU	W4Y6K2_STRPU	11094	12881	0.896
W4Y3M6_STRPU	W4Y604_STRPU	11094	12893	0.909
W4Y3M6_STRPU	W4Z329_STRPU	11094	10698	0.912
W4Y3M6_STRPU	W4YY23_STRPU	11094	13839	0.953
W4Y3M6_STRPU	W4Z217_STRPU	11094	12120	0.976
W4Y3Z2_STRPU	A0A0B4J2W5	11219	12869	0.603
W4Y3Z2_STRPU	SFK1	11219	14326	0.583
W4Y3Z2_STRPU	Sfk3	11219	14326	0.583
W4Y3Z2_STRPU	W4XQT8_STRPU	11219	14321	0.575
W4Y3Z2_STRPU	W4XXL7_STRPU	11219	14328	0.555
W4Y3Z2_STRPU	W4YFD9_STRPU	11219	14326	0.583
W4Y3Z2_STRPU	SFK7	11219	14326	0.583
W4Y3Z2_STRPU	SFK5	11219	14326	0.583
W4Y4J1_STRPU	W4X9P7_STRPU	14272	13580	0.685
W4Y4J1_STRPU	W4XV30_STRPU	14272	14315	0.491
W4Y4J1_STRPU	W4YHR8_STRPU	14272	13580	0.683
W4Y4J1_STRPU	W4YRR7_STRPU	14272	11802	0.715
W4Y4J1_STRPU	W4YNX5_STRPU	14272	11887	0.999
W4Y4Q1_STRPU	Rps14	14303	12688	0.413
W4Y4Q1_STRPU	W4Y3M6_STRPU	14303	11094	0.425
W4Y4Q2_STRPU	A0A0B4J2U6	13621	12945	0.998
W4Y4Q2_STRPU	Rps14	13621	12688	0.997
W4Y4Q2_STRPU	RSSA_STRPU	13621	12951	0.946
W4Y4Q2_STRPU	W4X9N1_STRPU	13621	13654	0.721
W4Y4Q2_STRPU	W4XB49_STRPU	13621	14203	0.641
W4Y4Q2_STRPU	W4XH13_STRPU	13621	13967	0.595
W4Y4Q2_STRPU	W4XI86_STRPU	13621	13169	0.908
W4Y4Q2_STRPU	W4XKH8_STRPU	13621	12796	0.998
W4Y4Q2_STRPU	W4XQL9_STRPU	13621	12691	0.999
W4Y4Q2_STRPU	W4XR42_STRPU	13621	14102	0.968
W4Y4Q2_STRPU	W4XSR1_STRPU	13621	12893	0.984
W4Y4Q2_STRPU	W4XVV5_STRPU	13621	13590	0.816
W4Y4Q2_STRPU	W4Y0M9_STRPU	13621	10698	0.917
W4Y4Q2_STRPU	W4Y1L1_STRPU	13621	12477	0.881
W4Y4Q2_STRPU	W4Y1S6_STRPU	13621	13733	0.477
W4Y4Q2_STRPU	W4ZAX9_STRPU	13621	13909	0.612
W4Y4Q2_STRPU	W4YNU3_STRPU	13621	13967	0.698
W4Y4Q2_STRPU	W4Z329_STRPU	13621	10698	0.917
W4Y4Q2_STRPU	W4Y6K2_STRPU	13621	12881	0.953
W4Y4Q2_STRPU	W4YIS1_STRPU	13621	11685	0.968
W4Y4Q2_STRPU	W4Y604_STRPU	13621	12893	0.984
W4Y4Q2_STRPU	W4ZIT8_STRPU	13621	12792	0.988
W4Y4Q2_STRPU	W4Z217_STRPU	13621	12120	0.997
W4Y4Q2_STRPU	W4YY23_STRPU	13621	13839	0.997
W4Y4Q2_STRPU	W4YAU4_STRPU	13621	12587	0.998
W4Y4Q2_STRPU	W4YIR2_STRPU	13621	12787	0.998
W4Y4Q2_STRPU	W4YFC0_STRPU	13621	13096	0.998
W4Y512_STRPU	SFK1	14328	14326	0.522
W4Y512_STRPU	Q964G0_STRPU	14328	14197	0.438
W4Y512_STRPU	Sfk3	14328	14326	0.527
W4Y512_STRPU	W4XSS7_STRPU	14328	14328	0.776
W4Y512_STRPU	SFK7	14328	14326	0.522
W4Y512_STRPU	W4YFD9_STRPU	14328	14326	0.526
W4Y512_STRPU	SFK5	14328	14326	0.534
W4Y604_STRPU	A0A0B4J2U6	12893	12945	0.997
W4Y604_STRPU	Rps14	12893	12688	0.999
W4Y604_STRPU	RSSA_STRPU	12893	12951	0.976
W4Y604_STRPU	W4X9N1_STRPU	12893	13654	0.749
W4Y604_STRPU	W4XB49_STRPU	12893	14203	0.698
W4Y604_STRPU	W4XDP5_STRPU	12893	14325	0.583
W4Y604_STRPU	W4XH13_STRPU	12893	13967	0.731
W4Y604_STRPU	W4XI86_STRPU	12893	13169	0.981
W4Y604_STRPU	W4XKH8_STRPU	12893	12796	0.997
W4Y604_STRPU	W4XQL9_STRPU	12893	12691	0.997
W4Y604_STRPU	W4XR42_STRPU	12893	14102	0.968
W4Y604_STRPU	W4Y0M6_STRPU	12893	11316	0.832
W4Y604_STRPU	W4Y0M9_STRPU	12893	10698	0.979
W4Y604_STRPU	W4Y1L1_STRPU	12893	12477	0.935
W4Y604_STRPU	W4Y3M6_STRPU	12893	11094	0.909
W4Y604_STRPU	W4Y4Q2_STRPU	12893	13621	0.984
W4Y604_STRPU	W4Z513_STRPU	12893	14315	0.587
W4Y604_STRPU	W4YNU3_STRPU	12893	13967	0.909
W4Y604_STRPU	W4YIS1_STRPU	12893	11685	0.926
W4Y604_STRPU	W4ZIT8_STRPU	12893	12792	0.976
W4Y604_STRPU	W4Y6K2_STRPU	12893	12881	0.977
W4Y604_STRPU	W4Z329_STRPU	12893	10698	0.979
W4Y604_STRPU	W4ZES5_STRPU	12893	13621	0.984
W4Y604_STRPU	W4YFC0_STRPU	12893	13096	0.997
W4Y604_STRPU	W4YIR2_STRPU	12893	12787	0.998
W4Y604_STRPU	W4YAU4_STRPU	12893	12587	0.998
W4Y604_STRPU	W4Z217_STRPU	12893	12120	0.999
W4Y604_STRPU	W4YY23_STRPU	12893	13839	0.999
W4Y6K2_STRPU	A0A0B4J2U6	12881	12945	0.994
W4Y6K2_STRPU	Rps14	12881	12688	0.997
W4Y6K2_STRPU	RSSA_STRPU	12881	12951	0.961
W4Y6K2_STRPU	W4X9N1_STRPU	12881	13654	0.446
W4Y6K2_STRPU	W4XB49_STRPU	12881	14203	0.759
W4Y6K2_STRPU	W4XDP5_STRPU	12881	14325	0.546
W4Y6K2_STRPU	W4XI86_STRPU	12881	13169	0.931
W4Y6K2_STRPU	W4XKH8_STRPU	12881	12796	0.991
W4Y6K2_STRPU	W4XQL9_STRPU	12881	12691	0.990
W4Y6K2_STRPU	W4XR42_STRPU	12881	14102	0.939
W4Y6K2_STRPU	W4XSR1_STRPU	12881	12893	0.977
W4Y6K2_STRPU	W4Y0M6_STRPU	12881	11316	0.855
W4Y6K2_STRPU	W4Y0M9_STRPU	12881	10698	0.961
W4Y6K2_STRPU	W4Y1L1_STRPU	12881	12477	0.922
W4Y6K2_STRPU	W4Y3M6_STRPU	12881	11094	0.896
W4Y6K2_STRPU	W4Y4Q2_STRPU	12881	13621	0.953
W4Y6K2_STRPU	W4Y604_STRPU	12881	12893	0.977
W4Y6K2_STRPU	W4Z513_STRPU	12881	14315	0.418
W4Y6K2_STRPU	W4YNU3_STRPU	12881	13967	0.877
W4Y6K2_STRPU	W4YIS1_STRPU	12881	11685	0.939
W4Y6K2_STRPU	W4ZES5_STRPU	12881	13621	0.953
W4Y6K2_STRPU	W4ZIT8_STRPU	12881	12792	0.956
W4Y6K2_STRPU	W4Z329_STRPU	12881	10698	0.961
W4Y6K2_STRPU	W4YAU4_STRPU	12881	12587	0.991
W4Y6K2_STRPU	W4YFC0_STRPU	12881	13096	0.991
W4Y6K2_STRPU	W4YY23_STRPU	12881	13839	0.995
W4Y6K2_STRPU	W4YIR2_STRPU	12881	12787	0.996
W4Y6K2_STRPU	W4Z217_STRPU	12881	12120	0.997
W4Y6Q0_STRPU	A0A0B4J2W5	14321	12869	0.540
W4Y7J7_STRPU	W4XVV5_STRPU	12888	13590	0.961
W4Y7P6_STRPU	W4XPC0_STRPU	12158	14294	0.620
W4Y7P6_STRPU	W4XVV5_STRPU	12158	13590	0.857
W4Y7P6_STRPU	W4Z3D3_STRPU	12158	13985	0.409
W4Y7P6_STRPU	W4YJV7_STRPU	12158	14311	0.550
W4Y7P8_STRPU	W4XNE5_STRPU	14215	14215	0.686
W4Y7P8_STRPU	W4YM58_STRPU	14215	12179	0.578
W4Y858_STRPU	W4X9P7_STRPU	14011	13580	0.421
W4Y858_STRPU	W4YHR8_STRPU	14011	13580	0.421
W4Y8Q1_STRPU	W4YRR5_STRPU	14315	10897	0.413
W4Y8Q1_STRPU	W4YCK0_STRPU	14315	10897	0.539
W4YAA7_STRPU	W4XKH8_STRPU	14326	12796	0.828
W4YAA7_STRPU	W4Z4Q3_STRPU	14326	14082	0.417
W4YAA7_STRPU	W4YY01_STRPU	14326	14082	0.417
W4YAU4_STRPU	A0A0B4J2U6	12587	12945	0.999
W4YAU4_STRPU	Rps14	12587	12688	0.999
W4YAU4_STRPU	RSSA_STRPU	12587	12951	0.993
W4YAU4_STRPU	W4X9N1_STRPU	12587	13654	0.703
W4YAU4_STRPU	W4XB49_STRPU	12587	14203	0.810
W4YAU4_STRPU	W4XH13_STRPU	12587	13967	0.644
W4YAU4_STRPU	W4XI86_STRPU	12587	13169	0.986
W4YAU4_STRPU	W4XKH8_STRPU	12587	12796	0.999
W4YAU4_STRPU	W4XQL9_STRPU	12587	12691	0.999
W4YAU4_STRPU	W4XR42_STRPU	12587	14102	0.995
W4YAU4_STRPU	W4XSR1_STRPU	12587	12893	0.998
W4YAU4_STRPU	Oaz1	12587	12609	0.434
W4YAU4_STRPU	W4Y0M9_STRPU	12587	10698	0.989
W4YAU4_STRPU	W4Y1L1_STRPU	12587	12477	0.975
W4YAU4_STRPU	W4Y4Q2_STRPU	12587	13621	0.998
W4YAU4_STRPU	W4Y604_STRPU	12587	12893	0.998
W4YAU4_STRPU	W4Y6K2_STRPU	12587	12881	0.991
W4YAU4_STRPU	W4YFH1_STRPU	12587	14303	0.434
W4YAU4_STRPU	W4Z513_STRPU	12587	14315	0.552
W4YAU4_STRPU	W4YNU3_STRPU	12587	13967	0.745
W4YAU4_STRPU	W4Z329_STRPU	12587	10698	0.989
W4YAU4_STRPU	W4YIS1_STRPU	12587	11685	0.994
W4YAU4_STRPU	W4ZIT8_STRPU	12587	12792	0.998
W4YAU4_STRPU	W4ZES5_STRPU	12587	13621	0.998
W4YAU4_STRPU	W4YFC0_STRPU	12587	13096	0.999
W4YAU4_STRPU	W4YY23_STRPU	12587	13839	0.999
W4YAU4_STRPU	W4YIR2_STRPU	12587	12787	0.999
W4YAU4_STRPU	W4Z217_STRPU	12587	12120	0.999
W4YBH3_STRPU	Q964G0_STRPU	14254	14197	0.516
W4YBH3_STRPU	W4XAC7_STRPU	14254	10971	0.982
W4YBH3_STRPU	W4XBL1_STRPU	14254	11424	0.989
W4YBH3_STRPU	W4XFS1_STRPU	14254	14298	0.966
W4YBH3_STRPU	W4XIU9_STRPU	14254	12433	0.992
W4YBH3_STRPU	W4XK59_STRPU	14254	13817	0.504
W4YBH3_STRPU	W4XPC0_STRPU	14254	14294	0.539
W4YBH3_STRPU	Oaz1	14254	12609	0.585
W4YBH3_STRPU	W4XVV5_STRPU	14254	13590	0.652
W4YBH3_STRPU	W4XYB1_STRPU	14254	14254	0.985
W4YBH3_STRPU	W4XZL9_STRPU	14254	11003	0.625
W4YBH3_STRPU	W4Y077_STRPU	14254	13817	0.504
W4YBH3_STRPU	W4YFF6_STRPU	14254	14254	0.943
W4YBH3_STRPU	W4YGS7_STRPU	14254	14298	0.966
W4YBH3_STRPU	W4Z7P9_STRPU	14254	14254	0.985
W4YBH3_STRPU	W4YGT0_STRPU	14254	12302	0.989
W4YC89_STRPU	W4YW63_STRPU	8600	12858	0.411
W4YCK0_STRPU	W4Y8Q1_STRPU	10897	14315	0.539
W4YCK0_STRPU	W4Z213_STRPU	10897	14315	0.413
W4YCK0_STRPU	W4YU44_STRPU	10897	13991	0.413
W4YCK0_STRPU	W4YRR5_STRPU	10897	10897	0.904
W4YCQ8_STRPU	W4YJF7_STRPU	14101	14101	0.907
W4YDE0_STRPU	W4Z217_STRPU	13658	12120	0.478
W4YDE0_STRPU	W4YXY8_STRPU	13658	13356	0.863
W4YDE0_STRPU	W4ZCC2_STRPU	13658	11312	0.931
W4YDX7_STRPU	W4YIJ3_STRPU	13930	14011	0.479
W4YFC0_STRPU	A0A0B4J2U6	13096	12945	0.999
W4YFC0_STRPU	Rps14	13096	12688	0.999
W4YFC0_STRPU	RSSA_STRPU	13096	12951	0.990
W4YFC0_STRPU	W4X9N1_STRPU	13096	13654	0.737
W4YFC0_STRPU	W4XB49_STRPU	13096	14203	0.644
W4YFC0_STRPU	W4XH13_STRPU	13096	13967	0.620
W4YFC0_STRPU	W4XI86_STRPU	13096	13169	0.981
W4YFC0_STRPU	W4XKH8_STRPU	13096	12796	0.999
W4YFC0_STRPU	W4XQL9_STRPU	13096	12691	0.999
W4YFC0_STRPU	W4XR42_STRPU	13096	14102	0.995
W4YFC0_STRPU	W4XSR1_STRPU	13096	12893	0.997
W4YFC0_STRPU	W4Y0M9_STRPU	13096	10698	0.922
W4YFC0_STRPU	W4Y1L1_STRPU	13096	12477	0.964
W4YFC0_STRPU	W4Y1S6_STRPU	13096	13733	0.437
W4YFC0_STRPU	W4Y4Q2_STRPU	13096	13621	0.998
W4YFC0_STRPU	W4Y604_STRPU	13096	12893	0.997
W4YFC0_STRPU	W4Y6K2_STRPU	13096	12881	0.991
W4YFC0_STRPU	W4YAU4_STRPU	13096	12587	0.999
W4YFC0_STRPU	W4YNU3_STRPU	13096	13967	0.528
W4YFC0_STRPU	W4Z513_STRPU	13096	14315	0.554
W4YFC0_STRPU	W4Z329_STRPU	13096	10698	0.922
W4YFC0_STRPU	W4ZIT8_STRPU	13096	12792	0.997
W4YFC0_STRPU	W4YIS1_STRPU	13096	11685	0.997
W4YFC0_STRPU	W4ZES5_STRPU	13096	13621	0.998
W4YFC0_STRPU	W4Z217_STRPU	13096	12120	0.999
W4YFC0_STRPU	W4YIR2_STRPU	13096	12787	0.999
W4YFC0_STRPU	W4YY23_STRPU	13096	13839	0.999
W4YFD9_STRPU	Q964G0_STRPU	14326	14197	0.533
W4YFD9_STRPU	W4XQT8_STRPU	14326	14321	0.456
W4YFD9_STRPU	W4XSH3_STRPU	14326	14271	0.402
W4YFD9_STRPU	W4Y3Z2_STRPU	14326	11219	0.583
W4YFD9_STRPU	W4Y512_STRPU	14326	14328	0.526
W4YFD9_STRPU	W4Z686_STRPU	14326	12634	0.422
W4YFD9_STRPU	W4ZAA9_STRPU	14326	14326	0.477
W4YFD9_STRPU	W4ZAZ7_STRPU	14326	13863	0.484
W4YFF6_STRPU	Q964G0_STRPU	14254	14197	0.512
W4YFF6_STRPU	W4XAC7_STRPU	14254	10971	0.933
W4YFF6_STRPU	W4XBL1_STRPU	14254	11424	0.956
W4YFF6_STRPU	W4XFS1_STRPU	14254	14298	0.923
W4YFF6_STRPU	W4XIU9_STRPU	14254	12433	0.970
W4YFF6_STRPU	W4XK59_STRPU	14254	13817	0.497
W4YFF6_STRPU	W4XPC0_STRPU	14254	14294	0.453
W4YFF6_STRPU	Oaz1	14254	12609	0.571
W4YFF6_STRPU	W4XVV5_STRPU	14254	13590	0.613
W4YFF6_STRPU	W4XYB1_STRPU	14254	14254	0.969
W4YFF6_STRPU	W4XZL9_STRPU	14254	11003	0.419
W4YFF6_STRPU	W4Y077_STRPU	14254	13817	0.497
W4YFF6_STRPU	W4YBH3_STRPU	14254	14254	0.943
W4YFF6_STRPU	W4YGS7_STRPU	14254	14298	0.923
W4YFF6_STRPU	W4Z7P9_STRPU	14254	14254	0.969
W4YFF6_STRPU	W4YGT0_STRPU	14254	12302	0.970
W4YFH1_STRPU	Rps14	14303	12688	0.413
W4YFH1_STRPU	W4Y3M6_STRPU	14303	11094	0.749
W4YFH1_STRPU	W4YAU4_STRPU	14303	12587	0.434
W4YGS7_STRPU	W4XAC7_STRPU	14298	10971	0.448
W4YGS7_STRPU	W4XBL1_STRPU	14298	11424	0.991
W4YGS7_STRPU	W4XIU9_STRPU	14298	12433	0.994
W4YGS7_STRPU	W4XK59_STRPU	14298	13817	0.527
W4YGS7_STRPU	W4XPC0_STRPU	14298	14294	0.527
W4YGS7_STRPU	Oaz1	14298	12609	0.531
W4YGS7_STRPU	W4XVV5_STRPU	14298	13590	0.610
W4YGS7_STRPU	W4XYB1_STRPU	14298	14254	0.947
W4YGS7_STRPU	W4XZL9_STRPU	14298	11003	0.707
W4YGS7_STRPU	W4Y077_STRPU	14298	13817	0.527
W4YGS7_STRPU	W4YBH3_STRPU	14298	14254	0.966
W4YGS7_STRPU	W4YFF6_STRPU	14298	14254	0.923
W4YGS7_STRPU	W4Z7P9_STRPU	14298	14254	0.947
W4YGS7_STRPU	W4YGT0_STRPU	14298	12302	0.991
W4YGT0_STRPU	W4XAC7_STRPU	12302	10971	0.645
W4YGT0_STRPU	W4XBL1_STRPU	12302	11424	0.999
W4YGT0_STRPU	W4XFS1_STRPU	12302	14298	0.991
W4YGT0_STRPU	W4XIU9_STRPU	12302	12433	0.999
W4YGT0_STRPU	W4XK59_STRPU	12302	13817	0.566
W4YGT0_STRPU	W4XPC0_STRPU	12302	14294	0.618
W4YGT0_STRPU	Oaz1	12302	12609	0.644
W4YGT0_STRPU	W4XVV5_STRPU	12302	13590	0.667
W4YGT0_STRPU	W4XYB1_STRPU	12302	14254	0.989
W4YGT0_STRPU	W4Y077_STRPU	12302	13817	0.566
W4YGT0_STRPU	W4YBH3_STRPU	12302	14254	0.989
W4YGT0_STRPU	W4YFF6_STRPU	12302	14254	0.970
W4YGT0_STRPU	W4YGS7_STRPU	12302	14298	0.991
W4YGT0_STRPU	W4Z3D3_STRPU	12302	13985	0.480
W4YGT0_STRPU	W4Z7P9_STRPU	12302	14254	0.989
W4YHR8_STRPU	W4Y4J1_STRPU	13580	14272	0.683
W4YHR8_STRPU	W4Y858_STRPU	13580	14011	0.421
W4YHR8_STRPU	W4YIJ3_STRPU	13580	14011	0.663
W4YIE2_STRPU	W4XXL7_STRPU	13626	14328	0.836
W4YIJ3_STRPU	W4X9P7_STRPU	14011	13580	0.664
W4YIJ3_STRPU	W4XHU6_STRPU	14011	14323	0.671
W4YIJ3_STRPU	W4YDX7_STRPU	14011	13930	0.479
W4YIJ3_STRPU	W4YHR8_STRPU	14011	13580	0.663
W4YIJ3_STRPU	W4YPA7_STRPU	14011	13930	0.479
W4YIR2_STRPU	A0A0B4J2U6	12787	12945	0.999
W4YIR2_STRPU	Rps14	12787	12688	0.999
W4YIR2_STRPU	RSSA_STRPU	12787	12951	0.995
W4YIR2_STRPU	W4X9N1_STRPU	12787	13654	0.709
W4YIR2_STRPU	W4XB49_STRPU	12787	14203	0.915
W4YIR2_STRPU	W4XH13_STRPU	12787	13967	0.690
W4YIR2_STRPU	W4XI86_STRPU	12787	13169	0.982
W4YIR2_STRPU	W4XKH8_STRPU	12787	12796	0.999
W4YIR2_STRPU	W4XQL9_STRPU	12787	12691	0.999
W4YIR2_STRPU	W4XR42_STRPU	12787	14102	0.995
W4YIR2_STRPU	W4XSR1_STRPU	12787	12893	0.998
W4YIR2_STRPU	W4Y0M6_STRPU	12787	11316	0.812
W4YIR2_STRPU	W4Y0M9_STRPU	12787	10698	0.959
W4YIR2_STRPU	W4Y1L1_STRPU	12787	12477	0.944
W4YIR2_STRPU	W4Y1S6_STRPU	12787	13733	0.481
W4YIR2_STRPU	W4Y3M6_STRPU	12787	11094	0.878
W4YIR2_STRPU	W4Y4Q2_STRPU	12787	13621	0.998
W4YIR2_STRPU	W4Y604_STRPU	12787	12893	0.998
W4YIR2_STRPU	W4Y6K2_STRPU	12787	12881	0.996
W4YIR2_STRPU	W4YAU4_STRPU	12787	12587	0.999
W4YIR2_STRPU	W4YFC0_STRPU	12787	13096	0.999
W4YIR2_STRPU	W4Z329_STRPU	12787	10698	0.959
W4YIR2_STRPU	W4YNU3_STRPU	12787	13967	0.961
W4YIR2_STRPU	W4YIS1_STRPU	12787	11685	0.995
W4YIR2_STRPU	W4ZES5_STRPU	12787	13621	0.998
W4YIR2_STRPU	W4ZIT8_STRPU	12787	12792	0.998
W4YIR2_STRPU	W4YY23_STRPU	12787	13839	0.999
W4YIR2_STRPU	W4Z217_STRPU	12787	12120	0.999
W4YIS1_STRPU	A0A0B4J2U6	11685	12945	0.992
W4YIS1_STRPU	Rps14	11685	12688	0.926
W4YIS1_STRPU	RSSA_STRPU	11685	12951	0.865
W4YIS1_STRPU	W4XI86_STRPU	11685	13169	0.777
W4YIS1_STRPU	W4XKH8_STRPU	11685	12796	0.990
W4YIS1_STRPU	W4XQL9_STRPU	11685	12691	0.828
W4YIS1_STRPU	W4XR42_STRPU	11685	14102	0.931
W4YIS1_STRPU	W4XSR1_STRPU	11685	12893	0.926
W4YIS1_STRPU	W4Y0M9_STRPU	11685	10698	0.605
W4YIS1_STRPU	W4Y1L1_STRPU	11685	12477	0.926
W4YIS1_STRPU	W4Y4Q2_STRPU	11685	13621	0.968
W4YIS1_STRPU	W4Y604_STRPU	11685	12893	0.926
W4YIS1_STRPU	W4Y6K2_STRPU	11685	12881	0.939
W4YIS1_STRPU	W4YAU4_STRPU	11685	12587	0.994
W4YIS1_STRPU	W4YFC0_STRPU	11685	13096	0.997
W4YIS1_STRPU	W4YIR2_STRPU	11685	12787	0.995
W4YIS1_STRPU	W4Z329_STRPU	11685	10698	0.605
W4YIS1_STRPU	W4ZIT8_STRPU	11685	12792	0.950
W4YIS1_STRPU	W4YY23_STRPU	11685	13839	0.967
W4YIS1_STRPU	W4ZES5_STRPU	11685	13621	0.968
W4YIS1_STRPU	W4Z217_STRPU	11685	12120	0.971
W4YJF7_STRPU	W4YCQ8_STRPU	14101	14101	0.907
W4YJV2_STRPU	W4ZDZ4_STRPU	10186	14274	0.552
W4YJV7_STRPU	W4XVV5_STRPU	14311	13590	0.627
W4YJV7_STRPU	W4Y7P6_STRPU	14311	12158	0.550
W4YK78_STRPU	W4ZKQ4_STRPU	13465	9778	0.559
W4YM58_STRPU	W4Y7P8_STRPU	12179	14215	0.578
W4YNU3_STRPU	A0A0B4J2U6	13967	12945	0.846
W4YNU3_STRPU	Rps14	13967	12688	0.949
W4YNU3_STRPU	RSSA_STRPU	13967	12951	0.842
W4YNU3_STRPU	W4X9N1_STRPU	13967	13654	0.423
W4YNU3_STRPU	W4XH13_STRPU	13967	13967	0.986
W4YNU3_STRPU	W4XKH8_STRPU	13967	12796	0.947
W4YNU3_STRPU	W4XQL9_STRPU	13967	12691	0.685
W4YNU3_STRPU	W4XR42_STRPU	13967	14102	0.952
W4YNU3_STRPU	W4XSR1_STRPU	13967	12893	0.909
W4YNU3_STRPU	W4Y0M6_STRPU	13967	11316	0.897
W4YNU3_STRPU	W4Y0M9_STRPU	13967	10698	0.835
W4YNU3_STRPU	W4Y4Q2_STRPU	13967	13621	0.698
W4YNU3_STRPU	W4Y604_STRPU	13967	12893	0.909
W4YNU3_STRPU	W4Y6K2_STRPU	13967	12881	0.877
W4YNU3_STRPU	W4YAU4_STRPU	13967	12587	0.745
W4YNU3_STRPU	W4YFC0_STRPU	13967	13096	0.528
W4YNU3_STRPU	W4YIR2_STRPU	13967	12787	0.961
W4YNU3_STRPU	W4YPU9_STRPU	13967	12613	0.489
W4YNU3_STRPU	W4ZIT8_STRPU	13967	12792	0.567
W4YNU3_STRPU	W4ZES5_STRPU	13967	13621	0.698
W4YNU3_STRPU	W4Z329_STRPU	13967	10698	0.835
W4YNU3_STRPU	W4YY23_STRPU	13967	13839	0.954
W4YNU3_STRPU	W4Z217_STRPU	13967	12120	0.955
W4YNX5_STRPU	W4XV30_STRPU	11887	14315	0.404
W4YNX5_STRPU	W4Y4J1_STRPU	11887	14272	0.999
W4YP40_STRPU	W4XU01_STRPU	13731	13174	0.658
W4YPA7_STRPU	W4YIJ3_STRPU	13930	14011	0.479
W4YPU9_STRPU	W4XR42_STRPU	12613	14102	0.570
W4YPU9_STRPU	W4YNU3_STRPU	12613	13967	0.489
W4YQ82_STRPU	W4YRR7_STRPU	12845	11802	0.990
W4YQG0_STRPU	W4XAK1_STRPU	11871	10864	0.539
W4YQM9_STRPU	W4XK59_STRPU	12447	13817	0.442
W4YQM9_STRPU	W4Y077_STRPU	12447	13817	0.442
W4YRR5_STRPU	W4Y8Q1_STRPU	10897	14315	0.413
W4YRR5_STRPU	W4YCK0_STRPU	10897	10897	0.904
W4YRR5_STRPU	W4YU44_STRPU	10897	13991	0.413
W4YRR5_STRPU	W4Z213_STRPU	10897	14315	0.413
W4YRR7_STRPU	W4XIU9_STRPU	11802	12433	0.420
W4YRR7_STRPU	W4Y4J1_STRPU	11802	14272	0.715
W4YRR7_STRPU	W4YQ82_STRPU	11802	12845	0.990
W4YU44_STRPU	W4YCK0_STRPU	13991	10897	0.413
W4YU44_STRPU	W4YRR5_STRPU	13991	10897	0.413
W4YU44_STRPU	W4Z513_STRPU	13991	14315	0.539
W4YUD1_STRPU	W4ZEP0_STRPU	14298	13814	0.989
W4YW63_STRPU	W4XV30_STRPU	12858	14315	0.491
W4YW63_STRPU	W4YC89_STRPU	12858	8600	0.411
W4YXY8_STRPU	H3IQ07_STRPU	13356	10264	0.626
W4YXY8_STRPU	W4XI86_STRPU	13356	13169	0.435
W4YXY8_STRPU	W4XK59_STRPU	13356	13817	0.664
W4YXY8_STRPU	W4XKH8_STRPU	13356	12796	0.570
W4YXY8_STRPU	W4XTV1_STRPU	13356	13445	0.562
W4YXY8_STRPU	W4Y077_STRPU	13356	13817	0.664
W4YXY8_STRPU	W4YDE0_STRPU	13356	13658	0.863
W4YXY8_STRPU	W4ZDZ4_STRPU	13356	14274	0.550
W4YXY8_STRPU	W4ZEW5_STRPU	13356	10264	0.626
W4YXY8_STRPU	W4ZAX9_STRPU	13356	13909	0.640
W4YY01_STRPU	BMP2/4	14082	14212	0.662
W4YY01_STRPU	W4YAA7_STRPU	14082	14326	0.417
W4YY01_STRPU	W4Z063_STRPU	14082	14212	0.662
W4YY23_STRPU	A0A0B4J2U6	13839	12945	0.999
W4YY23_STRPU	Rps14	13839	12688	0.999
W4YY23_STRPU	RSSA_STRPU	13839	12951	0.997
W4YY23_STRPU	W4X9N1_STRPU	13839	13654	0.516
W4YY23_STRPU	W4XB49_STRPU	13839	14203	0.668
W4YY23_STRPU	W4XDP5_STRPU	13839	14325	0.651
W4YY23_STRPU	W4XI86_STRPU	13839	13169	0.825
W4YY23_STRPU	W4XKH8_STRPU	13839	12796	0.999
W4YY23_STRPU	W4XQL9_STRPU	13839	12691	0.999
W4YY23_STRPU	W4XR42_STRPU	13839	14102	0.996
W4YY23_STRPU	W4XSR1_STRPU	13839	12893	0.999
W4YY23_STRPU	Oaz1	13839	12609	0.549
W4YY23_STRPU	W4Y0M6_STRPU	13839	11316	0.926
W4YY23_STRPU	W4Y0M9_STRPU	13839	10698	0.829
W4YY23_STRPU	W4Y1L1_STRPU	13839	12477	0.987
W4YY23_STRPU	W4Y3M6_STRPU	13839	11094	0.953
W4YY23_STRPU	W4Y4Q2_STRPU	13839	13621	0.997
W4YY23_STRPU	W4Y604_STRPU	13839	12893	0.999
W4YY23_STRPU	W4Y6K2_STRPU	13839	12881	0.995
W4YY23_STRPU	W4YAU4_STRPU	13839	12587	0.999
W4YY23_STRPU	W4YFC0_STRPU	13839	13096	0.999
W4YY23_STRPU	W4YIR2_STRPU	13839	12787	0.999
W4YY23_STRPU	W4YIS1_STRPU	13839	11685	0.967
W4YY23_STRPU	W4YNU3_STRPU	13839	13967	0.954
W4YY23_STRPU	W4Z329_STRPU	13839	10698	0.829
W4YY23_STRPU	W4ZIT8_STRPU	13839	12792	0.997
W4YY23_STRPU	W4ZES5_STRPU	13839	13621	0.997
W4YY23_STRPU	W4Z217_STRPU	13839	12120	0.999
W4YZZ5_STRPU	W4XSH3_STRPU	14271	14271	0.485
W4Z063_STRPU	W4YY01_STRPU	14212	14082	0.662
W4Z063_STRPU	W4ZIF3_STRPU	14212	11420	0.423
W4Z063_STRPU	W4Z4Q3_STRPU	14212	14082	0.675
W4Z213_STRPU	W4YCK0_STRPU	14315	10897	0.413
W4Z213_STRPU	W4YRR5_STRPU	14315	10897	0.413
W4Z217_STRPU	A0A0B4J2U6	12120	12945	0.999
W4Z217_STRPU	Rps14	12120	12688	0.999
W4Z217_STRPU	RSSA_STRPU	12120	12951	0.996
W4Z217_STRPU	W4X9N1_STRPU	12120	13654	0.575
W4Z217_STRPU	W4XB49_STRPU	12120	14203	0.686
W4Z217_STRPU	W4XDP5_STRPU	12120	14325	0.652
W4Z217_STRPU	W4XH13_STRPU	12120	13967	0.629
W4Z217_STRPU	W4XI86_STRPU	12120	13169	0.986
W4Z217_STRPU	W4XKH8_STRPU	12120	12796	0.999
W4Z217_STRPU	W4XQL9_STRPU	12120	12691	0.999
W4Z217_STRPU	W4XR42_STRPU	12120	14102	0.995
W4Z217_STRPU	W4XSR1_STRPU	12120	12893	0.999
W4Z217_STRPU	W4Y0M6_STRPU	12120	11316	0.913
W4Z217_STRPU	W4Y1L1_STRPU	12120	12477	0.992
W4Z217_STRPU	W4Y1S6_STRPU	12120	13733	0.451
W4Z217_STRPU	W4Y3M6_STRPU	12120	11094	0.976
W4Z217_STRPU	W4Y4Q2_STRPU	12120	13621	0.997
W4Z217_STRPU	W4Y604_STRPU	12120	12893	0.999
W4Z217_STRPU	W4Y6K2_STRPU	12120	12881	0.997
W4Z217_STRPU	W4YAU4_STRPU	12120	12587	0.999
W4Z217_STRPU	W4YDE0_STRPU	12120	13658	0.478
W4Z217_STRPU	W4YFC0_STRPU	12120	13096	0.999
W4Z217_STRPU	W4YIR2_STRPU	12120	12787	0.999
W4Z217_STRPU	W4YIS1_STRPU	12120	11685	0.971
W4Z217_STRPU	W4YNU3_STRPU	12120	13967	0.955
W4Z217_STRPU	W4YY23_STRPU	12120	13839	0.999
W4Z217_STRPU	W4ZIT8_STRPU	12120	12792	0.997
W4Z217_STRPU	W4ZES5_STRPU	12120	13621	0.997
W4Z2I5_STRPU	W4XR42_STRPU	10711	14102	0.442
W4Z329_STRPU	A0A0B4J2U6	10698	12945	0.994
W4Z329_STRPU	Rps14	10698	12688	0.978
W4Z329_STRPU	RSSA_STRPU	10698	12951	0.891
W4Z329_STRPU	W4X9N1_STRPU	10698	13654	0.575
W4Z329_STRPU	W4XB49_STRPU	10698	14203	0.503
W4Z329_STRPU	W4XH13_STRPU	10698	13967	0.629
W4Z329_STRPU	W4XI86_STRPU	10698	13169	0.944
W4Z329_STRPU	W4XKH8_STRPU	10698	12796	0.955
W4Z329_STRPU	W4XQL9_STRPU	10698	12691	0.841
W4Z329_STRPU	W4XR42_STRPU	10698	14102	0.825
W4Z329_STRPU	W4XSR1_STRPU	10698	12893	0.979
W4Z329_STRPU	W4Y0M6_STRPU	10698	11316	0.719
W4Z329_STRPU	W4Y1L1_STRPU	10698	12477	0.719
W4Z329_STRPU	W4Y1S6_STRPU	10698	13733	0.599
W4Z329_STRPU	W4Y3M6_STRPU	10698	11094	0.912
W4Z329_STRPU	W4Y4Q2_STRPU	10698	13621	0.917
W4Z329_STRPU	W4Y604_STRPU	10698	12893	0.979
W4Z329_STRPU	W4Y6K2_STRPU	10698	12881	0.961
W4Z329_STRPU	W4YAU4_STRPU	10698	12587	0.989
W4Z329_STRPU	W4YFC0_STRPU	10698	13096	0.922
W4Z329_STRPU	W4YIR2_STRPU	10698	12787	0.959
W4Z329_STRPU	W4YIS1_STRPU	10698	11685	0.605
W4Z329_STRPU	W4YNU3_STRPU	10698	13967	0.835
W4Z329_STRPU	W4YY23_STRPU	10698	13839	0.829
W4Z329_STRPU	W4ZES5_STRPU	10698	13621	0.917
W4Z329_STRPU	W4ZIT8_STRPU	10698	12792	0.955
W4Z3D3_STRPU	W4Y7P6_STRPU	13985	12158	0.409
W4Z3D3_STRPU	W4YGT0_STRPU	13985	12302	0.480
W4Z4Q3_STRPU	BMP2/4	14082	14212	0.675
W4Z4Q3_STRPU	W4YAA7_STRPU	14082	14326	0.417
W4Z4Q3_STRPU	W4Z063_STRPU	14082	14212	0.675
W4Z513_STRPU	A0A0B4J2U6	14315	12945	0.508
W4Z513_STRPU	W4XB49_STRPU	14315	14203	0.956
W4Z513_STRPU	W4XI86_STRPU	14315	13169	0.842
W4Z513_STRPU	W4XSR1_STRPU	14315	12893	0.587
W4Z513_STRPU	W4Y604_STRPU	14315	12893	0.587
W4Z513_STRPU	W4Y6K2_STRPU	14315	12881	0.418
W4Z513_STRPU	W4YAU4_STRPU	14315	12587	0.552
W4Z513_STRPU	W4YFC0_STRPU	14315	13096	0.554
W4Z513_STRPU	W4YU44_STRPU	14315	13991	0.539
W4Z5H2_STRPU	W4ZAZ7_STRPU	14035	13863	0.410
W4Z686_STRPU	Rps14	12634	12688	0.587
W4Z686_STRPU	SFK1	12634	14326	0.422
W4Z686_STRPU	Sfk3	12634	14326	0.422
W4Z686_STRPU	W4YFD9_STRPU	12634	14326	0.422
W4Z686_STRPU	SFK7	12634	14326	0.422
W4Z686_STRPU	SFK5	12634	14326	0.422
W4Z7P9_STRPU	Q964G0_STRPU	14254	14197	0.515
W4Z7P9_STRPU	W4XAC7_STRPU	14254	10971	0.964
W4Z7P9_STRPU	W4XBL1_STRPU	14254	11424	0.989
W4Z7P9_STRPU	W4XFS1_STRPU	14254	14298	0.947
W4Z7P9_STRPU	W4XIU9_STRPU	14254	12433	0.992
W4Z7P9_STRPU	W4XK59_STRPU	14254	13817	0.503
W4Z7P9_STRPU	W4XPC0_STRPU	14254	14294	0.540
W4Z7P9_STRPU	Oaz1	14254	12609	0.569
W4Z7P9_STRPU	W4XVV5_STRPU	14254	13590	0.633
W4Z7P9_STRPU	W4XZL9_STRPU	14254	11003	0.797
W4Z7P9_STRPU	W4Y077_STRPU	14254	13817	0.503
W4Z7P9_STRPU	W4YBH3_STRPU	14254	14254	0.985
W4Z7P9_STRPU	W4YFF6_STRPU	14254	14254	0.969
W4Z7P9_STRPU	W4YGS7_STRPU	14254	14298	0.947
W4Z7P9_STRPU	W4YGT0_STRPU	14254	12302	0.989
W4ZAA9_STRPU	SFK1	14326	14326	0.495
W4ZAA9_STRPU	Sfk3	14326	14326	0.497
W4ZAA9_STRPU	W4YFD9_STRPU	14326	14326	0.477
W4ZAA9_STRPU	SFK7	14326	14326	0.492
W4ZAA9_STRPU	SFK5	14326	14326	0.497
W4ZAA9_STRPU	W4ZAZ7_STRPU	14326	13863	0.622
W4ZAX9_STRPU	W4Y4Q2_STRPU	13909	13621	0.612
W4ZAX9_STRPU	W4YXY8_STRPU	13909	13356	0.640
W4ZAX9_STRPU	W4ZES5_STRPU	13909	13621	0.542
W4ZAZ7_STRPU	SFK1	13863	14326	0.484
W4ZAZ7_STRPU	Sfk3	13863	14326	0.484
W4ZAZ7_STRPU	W4YFD9_STRPU	13863	14326	0.484
W4ZAZ7_STRPU	W4Z5H2_STRPU	13863	14035	0.410
W4ZAZ7_STRPU	SFK7	13863	14326	0.484
W4ZAZ7_STRPU	W4ZAA9_STRPU	13863	14326	0.622
W4ZAZ7_STRPU	SFK5	13863	14326	0.484
W4ZCA0_STRPU	W4XKH8_STRPU	12298	12796	0.492
W4ZCA0_STRPU	W4XVV5_STRPU	12298	13590	0.779
W4ZCC2_STRPU	W4YDE0_STRPU	11312	13658	0.931
W4ZDU6_STRPU	W4ZKQ4_STRPU	9662	9778	0.498
W4ZDV8_STRPU	W4XU01_STRPU	13661	13174	0.435
W4ZDZ4_STRPU	W4XLW7_STRPU	14274	13972	0.419
W4ZDZ4_STRPU	W4YJV2_STRPU	14274	10186	0.552
W4ZDZ4_STRPU	W4YXY8_STRPU	14274	13356	0.550
W4ZEP0_STRPU	W4YUD1_STRPU	13814	14298	0.989
W4ZES5_STRPU	A0A0B4J2U6	13621	12945	0.998
W4ZES5_STRPU	Rps14	13621	12688	0.997
W4ZES5_STRPU	RSSA_STRPU	13621	12951	0.946
W4ZES5_STRPU	W4X9N1_STRPU	13621	13654	0.721
W4ZES5_STRPU	W4XB49_STRPU	13621	14203	0.641
W4ZES5_STRPU	W4XH13_STRPU	13621	13967	0.595
W4ZES5_STRPU	W4XI86_STRPU	13621	13169	0.908
W4ZES5_STRPU	W4XKH8_STRPU	13621	12796	0.998
W4ZES5_STRPU	W4XQL9_STRPU	13621	12691	0.999
W4ZES5_STRPU	W4XR42_STRPU	13621	14102	0.968
W4ZES5_STRPU	W4XSR1_STRPU	13621	12893	0.984
W4ZES5_STRPU	W4XVV5_STRPU	13621	13590	0.816
W4ZES5_STRPU	W4Y0M9_STRPU	13621	10698	0.917
W4ZES5_STRPU	W4Y1L1_STRPU	13621	12477	0.881
W4ZES5_STRPU	W4Y1S6_STRPU	13621	13733	0.477
W4ZES5_STRPU	W4Y604_STRPU	13621	12893	0.984
W4ZES5_STRPU	W4Y6K2_STRPU	13621	12881	0.953
W4ZES5_STRPU	W4YAU4_STRPU	13621	12587	0.998
W4ZES5_STRPU	W4YFC0_STRPU	13621	13096	0.998
W4ZES5_STRPU	W4YIR2_STRPU	13621	12787	0.998
W4ZES5_STRPU	W4YIS1_STRPU	13621	11685	0.968
W4ZES5_STRPU	W4YNU3_STRPU	13621	13967	0.698
W4ZES5_STRPU	W4YY23_STRPU	13621	13839	0.997
W4ZES5_STRPU	W4Z217_STRPU	13621	12120	0.997
W4ZES5_STRPU	W4Z329_STRPU	13621	10698	0.917
W4ZES5_STRPU	W4ZAX9_STRPU	13621	13909	0.542
W4ZES5_STRPU	W4ZIT8_STRPU	13621	12792	0.988
W4ZEW5_STRPU	W4XK59_STRPU	10264	13817	0.400
W4ZEW5_STRPU	W4Y077_STRPU	10264	13817	0.400
W4ZEW5_STRPU	W4YXY8_STRPU	10264	13356	0.626
W4ZEW5_STRPU	W4ZJP6_STRPU	10264	10095	0.592
W4ZIF3_STRPU	BMP2/4	11420	14212	0.423
W4ZIF3_STRPU	W4Z063_STRPU	11420	14212	0.423
W4ZIT8_STRPU	A0A0B4J2U6	12792	12945	0.999
W4ZIT8_STRPU	Rps14	12792	12688	0.997
W4ZIT8_STRPU	RSSA_STRPU	12792	12951	0.951
W4ZIT8_STRPU	W4X9N1_STRPU	12792	13654	0.562
W4ZIT8_STRPU	W4XB49_STRPU	12792	14203	0.642
W4ZIT8_STRPU	W4XI86_STRPU	12792	13169	0.951
W4ZIT8_STRPU	W4XKH8_STRPU	12792	12796	0.997
W4ZIT8_STRPU	W4XQL9_STRPU	12792	12691	0.998
W4ZIT8_STRPU	W4XR42_STRPU	12792	14102	0.968
W4ZIT8_STRPU	W4XSR1_STRPU	12792	12893	0.976
W4ZIT8_STRPU	W4Y0M9_STRPU	12792	10698	0.955
W4ZIT8_STRPU	W4Y1L1_STRPU	12792	12477	0.929
W4ZIT8_STRPU	W4Y4Q2_STRPU	12792	13621	0.988
W4ZIT8_STRPU	W4Y604_STRPU	12792	12893	0.976
W4ZIT8_STRPU	W4Y6K2_STRPU	12792	12881	0.956
W4ZIT8_STRPU	W4YAU4_STRPU	12792	12587	0.998
W4ZIT8_STRPU	W4YFC0_STRPU	12792	13096	0.997
W4ZIT8_STRPU	W4YIR2_STRPU	12792	12787	0.998
W4ZIT8_STRPU	W4YIS1_STRPU	12792	11685	0.950
W4ZIT8_STRPU	W4YNU3_STRPU	12792	13967	0.567
W4ZIT8_STRPU	W4YY23_STRPU	12792	13839	0.997
W4ZIT8_STRPU	W4Z217_STRPU	12792	12120	0.997
W4ZIT8_STRPU	W4Z329_STRPU	12792	10698	0.955
W4ZIT8_STRPU	W4ZES5_STRPU	12792	13621	0.988
W4ZJP6_STRPU	H3IQ07_STRPU	10095	10264	0.592
W4ZJP6_STRPU	W4ZEW5_STRPU	10095	10264	0.592
W4ZKQ4_STRPU	W4YK78_STRPU	9778	13465	0.559
W4ZKQ4_STRPU	W4ZDU6_STRPU	9778	9662	0.498
